<?xml version="1.0" encoding="UTF-8" standalone="yes"?>
<addon id="plugin.video.VisionPlay" name="[B][COLOR white]VISION PLAY[/COLOR][/B]" version="1.0.0+matrix.1" provider-name="[B][COLOR white]Team VISION[/COLOR][/B]"> 
<requires>
    <import addon="xbmc.python" version="3.0.0"/>
    <import addon="script.module.requests"/>
    <import addon="script.module.simplejson"/>
	<import addon="script.module.kodi-six" />
</requires>  
<extension point="xbmc.python.pluginsource" library="default.py">
	<provides>video</provides>
</extension>   
<extension point="xbmc.addon.metadata">
	 <summary lang="en">[COLOR white][B]VISION TEAM - Filmes e Series, você vai encontrar aqui, então entre e fique a vontade[/B][/COLOR]</summary>
    <description lang="en">[COLOR white][B]Tudo o que você precisará quando o universo acabar é de uma toalha.[/B][/COLOR]</description>
    <disclaimer lang="en">[COLOR gold][B]Duvidas ou Sugestões nos chame no WhatsApp (11) 98582-9156[/B][/COLOR]</disclaimer>
	<platform>all</platform>
	<assets>
       <icon>icon.png</icon>
       <fanart>fanart.jpg</fanart>
<screenshot>resources/screenshots/home.png</screenshot>
<screenshot>resources/screenshots/movies.png</screenshot>
<screenshot>resources/screenshots/series.png</screenshot>
</assets>
	<news>news
	</news>
</extension>
</addon>